{"cameraMode":{"drawMode":0,"name":"Shaded","section":"Shading Mode"},"sceneLighting":false,"audioPlay":false,"sceneViewState":{"showFog":true,"showMaterialUpdate":false,"showSkybox":true,"showFlares":true,"showImageEffects":true,"showParticleSystems":true},"in2DMode":false,"pivot":{"x":1.7000000476837159,"y":1.0,"z":0.19999998807907105},"rotation":{"x":0.18577653169631959,"y":-0.019159212708473207,"z":0.003623021300882101,"w":0.9823985695838928},"size":0.8520198464393616,"orthographic":true}